iter	MultiClass
0	1.574607668
1	1.541421281
2	1.509662923
3	1.479338638
